{
  "hash": "e275c6c4",
  "configHash": "e362507e",
  "lockfileHash": "cc91c98b",
  "browserHash": "d382a146",
  "optimized": {
    "@angular/core": {
      "src": "../../../../../node_modules/@angular/core/fesm2022/core.mjs",
      "file": "@angular_core.js",
      "fileHash": "1f5ce05b",
      "needsInterop": false
    },
    "@angular/platform-browser": {
      "src": "../../../../../node_modules/@angular/platform-browser/fesm2022/platform-browser.mjs",
      "file": "@angular_platform-browser.js",
      "fileHash": "70a18bc0",
      "needsInterop": false
    },
    "@angular/router": {
      "src": "../../../../../node_modules/@angular/router/fesm2022/router.mjs",
      "file": "@angular_router.js",
      "fileHash": "4efd08cf",
      "needsInterop": false
    }
  },
  "chunks": {
    "chunk-AC5S6XWW": {
      "file": "chunk-AC5S6XWW.js"
    },
    "chunk-4ZODTR3R": {
      "file": "chunk-4ZODTR3R.js"
    }
  }
}